{"n_examples": 55000, "n_epochs": 4, "learning_rate": 0.001, "losses": [11521.07000953035, 466.98035438858153, 383.4897710871042, 365.86414114988196, 348.6188164441736, 292.3362017629893, 275.7333641252862, 305.13072033778553, 313.36882408191366, 273.4006415763074, 304.31668717496933, 294.1446902907693, 247.97523439294426, 294.15123810595856, 257.88544607876884, 323.5132768780535, 185.95612035220068, 217.62908335007668, 237.98836522973286, 306.2762142898411, 197.6285184487127, 250.84771602278786, 265.92793783561604, 254.87598097110336, 238.913166162829, 203.94562160845913, 223.75591099920172, 230.17128252089685, 210.13733384099874, 207.91630836387418, 226.60613909667526, 209.35133922425183, 207.90675023498886, 243.4373513769581, 234.93450477925214, 211.59266011893487, 185.17559481874522, 216.08765275737377, 175.2796597483422, 201.99969212684113, 171.20989523670016, 189.43087776787917, 214.21362674626437, 227.720748096324, 168.05867490443867, 195.617673870959, 211.83115311545362, 213.08531317323911, 168.58964141319137, 161.95040853566897, 208.0800667484076, 173.18248833528858, 158.08990699498068, 185.32109880509864, 205.3015857244486, 168.62483078093354, 143.54178403898618, 161.39114895151923, 151.27319739260457, 141.84215428218204, 126.10256792447784, 160.62605645883977, 142.59760606622663, 164.9332063749038, 158.893064020547, 163.48292854804234, 116.40674016936244, 139.57794370336882, 133.73789654501397, 142.89680459561885, 155.32550226465375, 147.96246072675038, 144.43335430880416, 155.86607434522023, 176.35869676351547, 135.32298584926195, 126.41910297610517, 133.97923145964498, 129.3913607249409, 125.93709261640562, 147.193529907498, 138.6781487750668, 117.02681425445944, 144.0031115922027, 144.51447362262812, 142.75971965304365, 156.22487789435334, 102.3592899426707, 103.74032644940033, 133.23380704200486, 130.03703033880754, 130.02687655673557, 115.35173375108023, 93.14132749487884, 127.1703434963337, 136.74566139947285, 104.56221931847581, 97.40824146585031, 124.48890305170323, 89.78298241745308, 96.96810309605165, 109.54436314417386, 107.69261802338741, 115.62560541555082, 86.52789415199838, 88.96241656017666, 94.55869706584834, 114.53082290513417, 89.60019783083412, 87.62990744528007, 116.8618752852389, 103.05745350957228, 81.48294920308294, 102.05025465171244, 93.41419840086516, 81.04193242083896, 104.53973613066086, 88.71067047291227, 79.60209467005997, 89.87366622199333, 86.30554982141592, 86.59533236538547, 74.16967191834323, 82.95302656896013, 70.20706143378442, 90.03446026233141, 82.53348526542837, 69.32222174720225, 82.05349079514242, 83.11915071530767, 67.53455494004457, 77.80743719517616, 82.81827081792817, 87.71802979111624, 82.10121748582883, 81.11248279310313, 68.83738699331833, 68.26993478107927, 78.74419285448586, 72.0055773938788, 82.57180412725533, 66.33719411955946, 70.52877804416356, 69.56362860513258, 67.62704127448822, 61.886188427002, 71.46451852899831, 55.923179959373165, 56.70389260115271, 56.08334269848081, 61.46825240254254, 52.21222758855155, 68.96130521928595, 50.979777122711354, 51.34926488031033, 51.815245286465846, 74.57630847189576, 54.554295724995264, 38.71090096040027, 59.31262826924554, 46.07985355590333, 51.05096277830286, 50.43307974795557, 47.26493339603259, 48.04122042858597, 48.20167291281771, 52.18391964029218, 50.99774474181997, 48.066256470834844, 47.238498476405034, 47.9574733480539, 59.80308578776704, 60.5121105121133, 45.57067481089446, 37.20793927832803, 57.41734231755612, 34.509962790922465, 48.087830783879866, 37.26432969958243, 38.34982162144699, 41.857161214947645, 30.841735330852455, 35.40109186228566, 30.615787050302817, 40.33377629322083, 26.88916304686969, 38.42333258196836, 36.61536163664479, 43.11021259667031, 39.26693167832199, 37.13640123377432, 31.156126863749922, 33.89020953473165, 42.32204239982485, 39.26942072243832, 31.427321880631883, 27.458803827492165, 22.58449725920844, 31.875399674057896, 34.30473363613948], "accuracies": [0.23363636363636364, 0.4172727272727273, 0.5445454545454546, 0.5881818181818181, 0.6172727272727273, 0.6563636363636364, 0.6836363636363636, 0.6818181818181818, 0.6745454545454546, 0.6972727272727273, 0.7145454545454546, 0.7290909090909091, 0.7345454545454545, 0.7509090909090909, 0.75, 0.7154545454545455, 0.78, 0.7845454545454545, 0.7945454545454546, 0.7636363636363637, 0.8045454545454546, 0.7663636363636364, 0.7781818181818182, 0.7727272727272727, 0.7718181818181818, 0.8090909090909091, 0.7981818181818182, 0.8027272727272727, 0.8072727272727273, 0.7981818181818182, 0.7909090909090909, 0.8090909090909091, 0.8018181818181818, 0.7981818181818182, 0.81, 0.82, 0.8190909090909091, 0.8009090909090909, 0.8309090909090909, 0.8036363636363636, 0.8227272727272728, 0.8154545454545454, 0.8045454545454546, 0.8281818181818181, 0.8463636363636363, 0.8254545454545454, 0.8118181818181818, 0.8063636363636364, 0.8381818181818181, 0.8372727272727273, 0.8318181818181818, 0.8390909090909091, 0.8272727272727273, 0.8281818181818181, 0.8381818181818181, 0.8154545454545454, 0.8454545454545455, 0.8463636363636363, 0.8427272727272728, 0.8363636363636363, 0.8481818181818181, 0.8490909090909091, 0.8436363636363636, 0.8309090909090909, 0.8581818181818182, 0.8436363636363636, 0.86, 0.8445454545454546, 0.8472727272727273, 0.8518181818181818, 0.85, 0.8309090909090909, 0.8563636363636363, 0.8527272727272728, 0.8354545454545454, 0.8645454545454545, 0.8572727272727273, 0.8545454545454545, 0.8481818181818181, 0.8527272727272728, 0.8518181818181818, 0.8618181818181818, 0.8636363636363636, 0.8709090909090909, 0.8545454545454545, 0.8581818181818182, 0.8236363636363636, 0.8590909090909091, 0.8736363636363637, 0.85, 0.8490909090909091, 0.8545454545454545, 0.8645454545454545, 0.8709090909090909, 0.8463636363636363, 0.85, 0.8518181818181818, 0.8472727272727273, 0.8481818181818181, 0.8818181818181818, 0.8763636363636363, 0.8627272727272727, 0.8645454545454545, 0.8527272727272728, 0.8718181818181818, 0.87, 0.8645454545454545, 0.8554545454545455, 0.8672727272727273, 0.8763636363636363, 0.8527272727272728, 0.8572727272727273, 0.8745454545454545, 0.8581818181818182, 0.8618181818181818, 0.8727272727272727, 0.8690909090909091, 0.8763636363636363, 0.8781818181818182, 0.8745454545454545, 0.860909090909091, 0.8727272727272727, 0.8718181818181818, 0.88, 0.8772727272727273, 0.8681818181818182, 0.8754545454545455, 0.8690909090909091, 0.8727272727272727, 0.8654545454545455, 0.8727272727272727, 0.8545454545454545, 0.8590909090909091, 0.8645454545454545, 0.8772727272727273, 0.8627272727272727, 0.8881818181818182, 0.8727272727272727, 0.8672727272727273, 0.8645454545454545, 0.8490909090909091, 0.8863636363636364, 0.8772727272727273, 0.8690909090909091, 0.8772727272727273, 0.8754545454545455, 0.8727272727272727, 0.8727272727272727, 0.8745454545454545, 0.8781818181818182, 0.8718181818181818, 0.8845454545454545, 0.8745454545454545, 0.8809090909090909, 0.8827272727272727, 0.8818181818181818, 0.8772727272727273, 0.8863636363636364, 0.89, 0.87, 0.889090909090909, 0.89, 0.8836363636363637, 0.8881818181818182, 0.8772727272727273, 0.8790909090909091, 0.8727272727272727, 0.8954545454545455, 0.8836363636363637, 0.889090909090909, 0.8872727272727273, 0.8754545454545455, 0.8809090909090909, 0.8763636363636363, 0.8872727272727273, 0.8736363636363637, 0.8927272727272727, 0.889090909090909, 0.8863636363636364, 0.8863636363636364, 0.8781818181818182, 0.9054545454545454, 0.8936363636363637, 0.9045454545454545, 0.8736363636363637, 0.8972727272727272, 0.8909090909090909, 0.8954545454545455, 0.8936363636363637, 0.8818181818181818, 0.8836363636363637, 0.8981818181818182, 0.8909090909090909, 0.8772727272727273, 0.8854545454545455, 0.8972727272727272, 0.9, 0.9081818181818182, 0.8863636363636364, 0.8863636363636364], "accuracy": 0.8879}