{"n_examples": 55000, "n_epochs": 4, "learning_rate": 0.0005, "losses": [13140.58841350024, 361.85337606243183, 274.1862322806057, 243.11187701765516, 221.29324950168007, 208.82130258406718, 198.4342411733174, 150.99547251720315, 209.51190764135754, 170.2653959918423, 158.2006604088744, 164.48140282246456, 181.71305778943446, 192.560883255343, 162.14950815845842, 190.70978805436113, 135.33163046293743, 151.7041498765133, 156.4293104675398, 162.34982096871192, 154.2827962455824, 151.34400537762997, 171.4153301547493, 183.9653397062692, 163.33936154251538, 155.00701997496435, 159.34282659879705, 158.34533337475563, 149.88029430228968, 130.82488699538163, 151.19435842696694, 147.697891402092, 148.07156159829688, 161.72932715247725, 169.47126216102276, 136.30336251052674, 128.54899546411536, 155.53283435527388, 133.57213075741882, 152.82199058123246, 128.54896832608364, 136.59194565457096, 158.21520853831723, 199.0356089924801, 134.44446695468642, 153.337821817569, 157.2253627243135, 169.1211955588374, 131.79954034544977, 125.20643993344018, 162.19870119703313, 128.2448689301372, 136.71054106035893, 136.81776350001147, 144.2924957393755, 145.94411904827533, 116.49800943384, 153.751265963803, 114.63146361766803, 125.6955447600439, 117.89662921851284, 123.78645819535595, 149.65288214796388, 124.74526559967812, 139.97619023236362, 131.59533029252833, 118.3864951886914, 141.85989033770466, 110.50611876543611, 119.1792450161079, 140.36412238169444, 121.51778077348644, 134.74381911668587, 144.482143547861, 164.94152648067114, 116.14165829273787, 118.15492933945984, 146.02294268521558, 121.20708441494696, 121.06692785796535, 141.59050571945582, 148.13298190604556, 118.05377633528357, 135.03479456438052, 147.9949456986986, 141.36869713387856, 134.59054165699504, 117.22124128133198, 121.60104646890609, 146.85811369635508, 128.27946304072034, 125.33475088059701, 134.1366874963587, 113.47248858224093, 135.9830932173944, 138.2048455631931, 114.91239656470783, 106.29201765006455, 145.13067546134306, 111.9077965511517, 105.11341947157237, 131.91775299519904, 116.65954391964287, 138.52144718165155, 106.4816010179384, 103.374085757624, 110.92209116940857, 152.14076713946721, 130.61128535258658, 123.89793301658192, 140.0077678895911, 132.40523129418108, 105.33413095889318, 128.35487341370225, 104.48974577366401, 100.34192261209093, 132.29407060124657, 95.92904959969053, 115.5655463768728, 101.24874548911018, 127.96686564875934, 100.55664263491475, 111.3533808371113, 111.34785470994916, 111.07123894319902, 113.89237191205324, 123.61132296081718, 106.09219917471174, 125.47632781655189, 110.47177963003328, 108.39153178135102, 123.10796788282131, 102.36945209803311, 139.8644375499812, 125.54952913999554, 124.95733874336514, 113.49817045697604, 107.73568706274033, 124.43293782739424, 115.06640415697913, 121.48661641264503, 125.66228028383487, 119.58002531678368, 101.57808977207013, 111.41667479515372, 105.86617305906744, 111.73169989011504, 95.1254419389638, 100.23348404672156, 97.88743056546653, 115.12887456928152, 92.1369678334864, 129.07233426428473, 98.5840691390658, 93.42838131791399, 100.99403601915284, 149.0477476493502, 100.75674998827427, 89.86108269171281, 113.55414267615322, 87.34038541024381, 100.63865566275337, 106.20542986697221, 89.05105673497373, 121.93580906284126, 98.2860310989093, 116.06005640298112, 96.03703228402762, 96.21947643962757, 110.59973599627097, 96.77891776187853, 119.25767987081908, 122.7964522494736, 103.75758829138408, 90.77045820177996, 122.26628375979709, 88.53380705051464, 113.22756725316836, 84.76887884421353, 91.05938473414118, 103.17325790361924, 75.33323542190413, 88.3851742502776, 84.09103263630821, 101.6918019995937, 83.67849655449565, 95.38050967819969, 97.17506447394801, 101.35746384762844, 98.49847941276384, 93.91886006246912, 91.71618221238914, 93.01230191906745, 110.91798269543715, 102.14021640159865, 86.94727119193666, 77.45820411501614, 64.36018468173745, 96.49655833121945, 106.38030649943659], "accuracies": [0.24272727272727274, 0.3809090909090909, 0.5018181818181818, 0.5790909090909091, 0.6209090909090909, 0.6354545454545455, 0.6545454545454545, 0.7154545454545455, 0.6554545454545454, 0.7109090909090909, 0.7281818181818182, 0.7090909090909091, 0.74, 0.730909090909091, 0.7572727272727273, 0.7245454545454545, 0.7827272727272727, 0.7563636363636363, 0.7827272727272727, 0.76, 0.7745454545454545, 0.77, 0.7572727272727273, 0.7609090909090909, 0.7772727272727272, 0.7936363636363636, 0.7781818181818182, 0.7890909090909091, 0.7845454545454545, 0.7890909090909091, 0.7963636363636364, 0.8154545454545454, 0.7881818181818182, 0.77, 0.7863636363636364, 0.8054545454545454, 0.8309090909090909, 0.7936363636363636, 0.8127272727272727, 0.8027272727272727, 0.8090909090909091, 0.7945454545454546, 0.81, 0.7981818181818182, 0.81, 0.8172727272727273, 0.8036363636363636, 0.7945454545454546, 0.8163636363636364, 0.8227272727272728, 0.8127272727272727, 0.84, 0.8245454545454546, 0.82, 0.8263636363636364, 0.8118181818181818, 0.8318181818181818, 0.8109090909090909, 0.83, 0.82, 0.8127272727272727, 0.8409090909090909, 0.8227272727272728, 0.8272727272727273, 0.8272727272727273, 0.8263636363636364, 0.8372727272727273, 0.8281818181818181, 0.8627272727272727, 0.8454545454545455, 0.8272727272727273, 0.8345454545454546, 0.8418181818181818, 0.8381818181818181, 0.8063636363636364, 0.8518181818181818, 0.8409090909090909, 0.83, 0.8527272727272728, 0.8436363636363636, 0.8327272727272728, 0.8318181818181818, 0.8545454545454545, 0.8590909090909091, 0.8363636363636363, 0.8290909090909091, 0.8345454545454546, 0.8463636363636363, 0.8445454545454546, 0.8345454545454546, 0.8418181818181818, 0.8418181818181818, 0.8290909090909091, 0.8481818181818181, 0.8327272727272728, 0.83, 0.8454545454545455, 0.8563636363636363, 0.8381818181818181, 0.8490909090909091, 0.87, 0.8481818181818181, 0.8490909090909091, 0.8527272727272728, 0.860909090909091, 0.8536363636363636, 0.85, 0.8218181818181818, 0.8536363636363636, 0.8409090909090909, 0.850909090909091, 0.84, 0.860909090909091, 0.8409090909090909, 0.8581818181818182, 0.8727272727272727, 0.850909090909091, 0.85, 0.8454545454545455, 0.8654545454545455, 0.8472727272727273, 0.8681818181818182, 0.8481818181818181, 0.86, 0.850909090909091, 0.8618181818181818, 0.8536363636363636, 0.8563636363636363, 0.8527272727272728, 0.860909090909091, 0.8490909090909091, 0.8418181818181818, 0.8709090909090909, 0.8418181818181818, 0.8554545454545455, 0.8518181818181818, 0.8627272727272727, 0.8572727272727273, 0.85, 0.8481818181818181, 0.8463636363636363, 0.8554545454545455, 0.8590909090909091, 0.8618181818181818, 0.8663636363636363, 0.850909090909091, 0.8536363636363636, 0.8618181818181818, 0.860909090909091, 0.8681818181818182, 0.8463636363636363, 0.8718181818181818, 0.8527272727272728, 0.8627272727272727, 0.8745454545454545, 0.8754545454545455, 0.8372727272727273, 0.8736363636363637, 0.8645454545454545, 0.85, 0.8763636363636363, 0.8654545454545455, 0.8681818181818182, 0.8745454545454545, 0.8390909090909091, 0.8636363636363636, 0.8536363636363636, 0.8618181818181818, 0.8554545454545455, 0.8736363636363637, 0.8709090909090909, 0.850909090909091, 0.8572727272727273, 0.8518181818181818, 0.8727272727272727, 0.8445454545454546, 0.8718181818181818, 0.8536363636363636, 0.8763636363636363, 0.8881818181818182, 0.8527272727272728, 0.8809090909090909, 0.8681818181818182, 0.89, 0.8590909090909091, 0.87, 0.8636363636363636, 0.8690909090909091, 0.8690909090909091, 0.8736363636363637, 0.8654545454545455, 0.8754545454545455, 0.8690909090909091, 0.85, 0.8627272727272727, 0.8663636363636363, 0.8809090909090909, 0.8863636363636364, 0.8654545454545455, 0.8563636363636363], "accuracy": 0.8757}