{"n_examples": 55000, "n_epochs": 4, "learning_rate": 0.01, "losses": [3430.7570725891333, 856.5953096513315, 513.1706665659258, 326.1927790606534, 228.61327232339164, 188.12491836629817, 137.36290771845486, 112.81203645196754, 131.98391053976215, 134.45556728110347, 100.32395871561066, 104.75309045501898, 90.7260567315104, 89.83215819939753, 82.49126384954072, 64.72726968273761, 42.20848295873222, 54.2244605404479, 46.4291613121167, 43.59962081866145, 39.28631327304877, 36.713172729386635, 39.06182023939043, 32.309873650179036, 24.97984480219755, 23.90092930520752, 22.675469561417696, 23.162912484910535, 21.223207980937076, 16.247727519465414, 13.493715615913384, 15.318719166984923, 13.586628344434937, 13.974653370701976, 12.730293829940816, 9.29310557868347, 8.75220327614689, 8.216754522973375, 8.211539866395741, 7.716943496882248, 5.649463446938194, 5.92318716325374, 5.293092335559751, 6.007774396944694, 4.636858114772776, 5.9828361502760465, 3.9795442028123107, 4.551697147919468, 2.7031871310009503, 3.6421315244944865, 3.3789716412807858, 2.3462749688809104, 2.9487287496655887, 2.4691326271619167, 2.8698143214933016, 2.9913432328045992, 1.8016829106716932, 2.6306362026390704, 2.077731359206156, 2.3371307964578945, 2.009536090641261, 2.0196955785148103, 2.3479434974728166, 1.8856319029138777, 2.028338320843577, 1.7526268032223933, 1.7891738138404212, 1.6783111770261845, 1.917028333948775, 1.8839907633551172, 2.025938599868196, 1.6553524599078133, 1.9958724196305042, 1.8429227377484363, 1.9776579639506822, 1.2234528030056833, 1.2344242756409811, 1.480228321970585, 1.7145479859198958, 1.7666688570935478, 1.8543041266162648, 1.4098363114457504, 1.667867299671048, 1.3405864042979174, 1.4335797889214263, 1.4862057674194482, 1.6068617290770635, 1.421879991407084, 1.3000688212608553, 1.3918305407409042, 1.3929772035722199, 1.2206130884581288, 1.6039435673914526, 1.188624312461651, 1.3354458873800799, 1.336512838889253, 1.196046743056029, 1.1905325868983638, 1.2932035149012326, 1.2741199813354107, 1.3703679319436, 1.2159079868930072, 1.2552492865853981, 1.3295824363996862, 1.0188084244602371, 1.154635376718564, 1.223390939466921, 1.2309427806418185, 1.1025264292794086, 1.2993108177182888, 1.1621518046113584, 1.1095106354237259, 1.092495171364697, 1.1844376556104954, 1.134283060295229, 1.159191230595443, 1.3108380268293653, 1.1177384940297417, 1.074080740768065, 0.9831800363994394, 1.0561986953278946, 1.0715571330547264, 1.1827954596107475, 1.0943487689359215, 1.0391607132316054, 0.9996236586742238, 1.10920201945749, 1.1958166822137957, 0.9256702283165652, 1.171747019917619, 1.1247268070383876, 1.0662351596567115, 1.0874775142544173, 1.5371159954920466, 0.9959370182321595, 1.008620870904913, 0.9446602178753605, 1.0840149602938223, 0.9393452491457864, 0.9665445010459166, 1.0409041619966013, 1.0599689612961347, 1.2440353252418725, 0.9641356124044015, 1.0046062289578337, 1.0028743527277957, 0.9470278621227906, 1.1026777756890929, 0.944863817681106, 1.0877135371829112, 0.8382747340627997, 0.9607065359352353, 1.0790798824594945, 0.906336833550874, 1.1167747952746052, 0.9830750675404023, 1.1608313644117552, 0.9248486889065971, 0.9298774282030937, 0.9620902118050877, 0.8974034995956576, 1.1666589656149184, 0.9517598556230629, 0.9032775293688625, 1.0493458427926057, 0.9686977068889537, 0.9554050532092052, 0.9498163708195937, 0.8983687626724001, 0.9320951952087944, 1.1936401801197114, 1.008762511578782, 0.9922883316272336, 1.0118626631163106, 0.9554334393568404, 1.0296632349790713, 0.9215610789647907, 0.9425876318879403, 0.8388990360920459, 0.9980138250693749, 1.0253873337137644, 0.833428736492455, 0.9573118589338275, 0.8068689408574877, 0.9438188929782146, 0.8689255859624253, 0.8824882471682692, 0.7891400531911628, 1.0409868418693045, 0.8646875369359766, 0.7515859197511723, 1.020777875955288, 0.8922040355977147, 0.9348594382093822, 0.9210603567022798, 1.0259711252908408, 0.748742235787132, 0.7419870748494467, 1.0405559148368617, 1.0239683428754423], "accuracies": [0.4027272727272727, 0.6272727272727273, 0.6890909090909091, 0.7381818181818182, 0.78, 0.78, 0.8063636363636364, 0.8254545454545454, 0.7945454545454546, 0.8009090909090909, 0.81, 0.8018181818181818, 0.8409090909090909, 0.8018181818181818, 0.82, 0.8263636363636364, 0.8545454545454545, 0.8245454545454546, 0.8527272727272728, 0.8336363636363636, 0.85, 0.8481818181818181, 0.8263636363636364, 0.8290909090909091, 0.8518181818181818, 0.8472727272727273, 0.8518181818181818, 0.8418181818181818, 0.8418181818181818, 0.8490909090909091, 0.8663636363636363, 0.8590909090909091, 0.8381818181818181, 0.8463636363636363, 0.8236363636363636, 0.8645454545454545, 0.8554545454545455, 0.8527272727272728, 0.8572727272727273, 0.8409090909090909, 0.8581818181818182, 0.8463636363636363, 0.85, 0.8672727272727273, 0.850909090909091, 0.8272727272727273, 0.8436363636363636, 0.8463636363636363, 0.8427272727272728, 0.8245454545454546, 0.8436363636363636, 0.8463636363636363, 0.8218181818181818, 0.8345454545454546, 0.8254545454545454, 0.8145454545454546, 0.8563636363636363, 0.8072727272727273, 0.8436363636363636, 0.8181818181818182, 0.8345454545454546, 0.8372727272727273, 0.83, 0.8372727272727273, 0.8472727272727273, 0.8536363636363636, 0.8318181818181818, 0.8327272727272728, 0.8254545454545454, 0.8227272727272728, 0.8309090909090909, 0.8245454545454546, 0.82, 0.8163636363636364, 0.8018181818181818, 0.8454545454545455, 0.8190909090909091, 0.8245454545454546, 0.8118181818181818, 0.8218181818181818, 0.8081818181818182, 0.8572727272727273, 0.8154545454545454, 0.8327272727272728, 0.8190909090909091, 0.8209090909090909, 0.8181818181818182, 0.8218181818181818, 0.8345454545454546, 0.82, 0.8290909090909091, 0.8318181818181818, 0.8118181818181818, 0.850909090909091, 0.8254545454545454, 0.8381818181818181, 0.8363636363636363, 0.8145454545454546, 0.8163636363636364, 0.8109090909090909, 0.8345454545454546, 0.8218181818181818, 0.8481818181818181, 0.8327272727272728, 0.83, 0.8418181818181818, 0.8436363636363636, 0.81, 0.8218181818181818, 0.8018181818181818, 0.8136363636363636, 0.8290909090909091, 0.8236363636363636, 0.8145454545454546, 0.82, 0.8409090909090909, 0.8236363636363636, 0.8581818181818182, 0.8472727272727273, 0.8363636363636363, 0.82, 0.8363636363636363, 0.8227272727272728, 0.8372727272727273, 0.8327272727272728, 0.8227272727272728, 0.8336363636363636, 0.8090909090909091, 0.8463636363636363, 0.8154545454545454, 0.8227272727272728, 0.82, 0.8245454545454546, 0.8090909090909091, 0.8390909090909091, 0.8190909090909091, 0.8463636363636363, 0.83, 0.83, 0.8218181818181818, 0.8218181818181818, 0.8209090909090909, 0.8027272727272727, 0.8218181818181818, 0.8245454545454546, 0.83, 0.8209090909090909, 0.8127272727272727, 0.8381818181818181, 0.8245454545454546, 0.8327272727272728, 0.8236363636363636, 0.8136363636363636, 0.8309090909090909, 0.8172727272727273, 0.8418181818181818, 0.8227272727272728, 0.8363636363636363, 0.82, 0.8227272727272728, 0.8372727272727273, 0.8190909090909091, 0.8145454545454546, 0.8363636363636363, 0.81, 0.8290909090909091, 0.8154545454545454, 0.8136363636363636, 0.8327272727272728, 0.8218181818181818, 0.79, 0.8018181818181818, 0.8118181818181818, 0.8018181818181818, 0.8318181818181818, 0.8009090909090909, 0.8181818181818182, 0.8227272727272728, 0.8236363636363636, 0.8209090909090909, 0.8154545454545454, 0.8245454545454546, 0.8109090909090909, 0.8427272727272728, 0.8245454545454546, 0.8218181818181818, 0.8109090909090909, 0.8281818181818181, 0.8072727272727273, 0.8190909090909091, 0.8272727272727273, 0.8018181818181818, 0.8063636363636364, 0.8172727272727273, 0.8163636363636364, 0.7945454545454546, 0.8390909090909091, 0.8409090909090909, 0.8172727272727273, 0.8109090909090909], "accuracy": 0.773}