{"n_examples": 55000, "n_epochs": 4, "learning_rate": 0.01, "losses": [119.0055620283531, 16.326002525674014, 2.4713016213986396, 2.321132249899539, 2.363075525338704, 2.5407048148688394, 2.2611075212184346, 2.243479158261453, 2.4213005678707904, 2.3810266545569267, 2.308030923496593, 2.3073446429859508, 2.3130684848265215, 2.309423046545549, 2.5143965825336902, 2.30485464702953, 2.311286151409149, 2.3108523970300503, 2.308476103652607, 2.3132429424199192, 2.305752123485912, 2.305342377099124, 2.309451209415089, 2.310762136632746, 2.3087013112414967, 2.309719390977513, 2.3099501135132527, 2.3134189323945478, 2.3096572898734697, 2.309501979351044, 2.308937205292962, 2.3052127400311555, 2.313028411431746, 2.3104296974702314, 2.3101836772398516, 2.352349158450953, 2.3295867637034924, 2.311557982834903, 2.309285948710008, 2.3056124292720446, 2.3105944325707175, 2.3126573129133745, 2.3086474550854077, 2.3097423696517945, 2.301695619062944, 2.3112201490185478, 2.3117074693333017, 2.3065672252394935, 2.311484660993923, 2.3210828073458236, 2.305006875449961, 2.312347026196393, 2.311021321036599, 2.3113940449194477, 2.310199493494901, 2.3051636160503732, 2.312581073695963, 2.3048182981664485, 2.3058833210034804, 2.3084825046495956, 2.310799010666934, 2.309403687390414, 2.309853246753866, 2.310695223158056, 2.3043988507444206, 2.3041785785284907, 2.309031791253523, 2.3092962683330884, 2.31413936289874, 2.3081676173210144, 2.3119565228982406, 2.3112266865643587, 2.307134217782454, 2.3100195861946453, 2.3071330275318838, 2.3449954609301957, 2.3072855642708867, 2.4651113971796903, 2.3101076805591583, 2.305510108796033, 2.3091879338567907, 2.306475191116333, 2.311069932417436, 2.306234674020247, 2.3057048188556326, 2.3146945439685473, 2.312399662733078, 2.3022624281319706, 2.3126294267177583, 2.309630084362897, 2.310078073306517, 2.3107821506803687, 2.305776155428453, 2.3104388681325045, 2.3108166378194634, 2.309791440530257, 2.3113719220594926, 2.3085265431620856, 2.312862113605846, 2.309689336148175, 2.3068356321074748, 2.3031490565430035, 2.311662103587931, 2.3110054890675977, 2.3100924535231155, 2.3032852831753816, 2.3056083380092276, 2.3094686111536893, 2.3100657840208574, 2.3067690682411195, 2.3113581683418967, 2.307779836546291, 2.306839469562877, 2.307451531236822, 2.307701049826362, 2.3123856590010905, 2.308888181556355, 2.3121771481904116, 2.3115305224331943, 2.313413813981143, 2.3111124990203162, 2.309923790584911, 2.31806667804718, 2.3425201478871434, 2.310436257882552, 2.3086453847451645, 2.309598859765313, 2.310001503229141, 2.3070854583653535, 2.310080064643513, 2.310601453672756, 2.3093218978968535, 2.3005524321035904, 2.3117136630144985, 2.3109785387732766, 2.3077511010386726, 2.309420701265335, 2.3133858867125077, 2.309007670012387, 2.3087280676581643, 2.312154795256528, 2.3083146732503717, 2.309509411941875, 2.3107086048342964, 2.309782785285603, 2.3075145680254154, 2.3127537152983924, 2.3104698676412756, 2.306648790186102, 2.3086733536286785, 2.3084895746274428, 2.306975828300823, 2.312739906419407, 2.308980068510229, 2.3078246905586934, 2.3086202439394863, 2.3121522621674973, 2.3091214049946176, 2.3117154078050093, 2.3078415099057286, 2.3064479100704194, 2.309096543897282, 2.3117187636548824, 2.3138369300148702, 2.3049673945253546, 2.3078309695287182, 2.306944843205539, 2.3019380618225442, 2.308694529533386, 2.310813983136957, 2.304573198448528, 2.3100605368614198, 2.3108297217975964, 2.3045274383371526, 2.310028299851851, 2.308961442600597, 2.308610461625186, 2.3069964866204695, 2.3108951878547668, 2.3064856646277687, 2.309498526833274, 2.3089665628563276, 2.3107010502165015, 2.306600552038713, 2.30727254466577, 2.3086778569221496, 2.3069222857735374, 2.3087524997104296, 2.3109780166365885, 2.3105305270715193, 2.3114589446241207, 2.3084372713349084, 2.30633449901234, 2.311289091543718, 2.3082986902106892, 2.3087044366923246, 2.3103585089336742, 2.306981969313188, 2.3054542355103926, 2.312737076282501], "accuracies": [0.6263636363636363, 0.5390909090909091, 0.25272727272727274, 0.1390909090909091, 0.14181818181818182, 0.13636363636363635, 0.13, 0.13545454545454547, 0.1, 0.11545454545454545, 0.09818181818181818, 0.10272727272727272, 0.09545454545454546, 0.09545454545454546, 0.10454545454545454, 0.11818181818181818, 0.10181818181818182, 0.10727272727272727, 0.09636363636363636, 0.09545454545454546, 0.10363636363636364, 0.09818181818181818, 0.08181818181818182, 0.1009090909090909, 0.12272727272727273, 0.11, 0.09272727272727273, 0.08727272727272728, 0.09181818181818181, 0.09909090909090909, 0.11727272727272728, 0.1190909090909091, 0.09363636363636364, 0.10909090909090909, 0.10727272727272727, 0.09727272727272727, 0.10545454545454545, 0.0890909090909091, 0.10272727272727272, 0.11636363636363636, 0.09636363636363636, 0.09363636363636364, 0.11090909090909092, 0.10454545454545454, 0.13, 0.09454545454545454, 0.08545454545454545, 0.1009090909090909, 0.1, 0.09818181818181818, 0.09818181818181818, 0.10636363636363637, 0.10909090909090909, 0.07727272727272727, 0.1, 0.09181818181818181, 0.1, 0.11727272727272728, 0.10363636363636364, 0.11090909090909092, 0.10454545454545454, 0.09272727272727273, 0.09636363636363636, 0.0890909090909091, 0.12272727272727273, 0.11545454545454545, 0.11636363636363636, 0.09818181818181818, 0.08363636363636363, 0.10181818181818182, 0.09363636363636364, 0.09272727272727273, 0.11636363636363636, 0.10272727272727272, 0.10636363636363637, 0.1190909090909091, 0.11, 0.10363636363636364, 0.09636363636363636, 0.11818181818181818, 0.11545454545454545, 0.09545454545454546, 0.09818181818181818, 0.09090909090909091, 0.10636363636363637, 0.08363636363636363, 0.11454545454545455, 0.12272727272727273, 0.1, 0.11090909090909092, 0.10909090909090909, 0.10363636363636364, 0.10727272727272727, 0.1, 0.10181818181818182, 0.09636363636363636, 0.09727272727272727, 0.10363636363636364, 0.08545454545454545, 0.09636363636363636, 0.12090909090909091, 0.11818181818181818, 0.09727272727272727, 0.11181818181818182, 0.09272727272727273, 0.11636363636363636, 0.11727272727272728, 0.10636363636363637, 0.1009090909090909, 0.10363636363636364, 0.08818181818181818, 0.10545454545454545, 0.09727272727272727, 0.10909090909090909, 0.10636363636363637, 0.08818181818181818, 0.10636363636363637, 0.09818181818181818, 0.09454545454545454, 0.1009090909090909, 0.08454545454545455, 0.10909090909090909, 0.09, 0.09727272727272727, 0.10272727272727272, 0.10454545454545454, 0.11, 0.10363636363636364, 0.11363636363636363, 0.11181818181818182, 0.1009090909090909, 0.09454545454545454, 0.13090909090909092, 0.09272727272727273, 0.10545454545454545, 0.10363636363636364, 0.10818181818181818, 0.09181818181818181, 0.11090909090909092, 0.10818181818181818, 0.1009090909090909, 0.10363636363636364, 0.10272727272727272, 0.10363636363636364, 0.10272727272727272, 0.11, 0.0809090909090909, 0.10636363636363637, 0.09818181818181818, 0.09454545454545454, 0.10727272727272727, 0.11545454545454545, 0.10545454545454545, 0.10636363636363637, 0.11818181818181818, 0.09545454545454546, 0.09272727272727273, 0.09818181818181818, 0.10363636363636364, 0.1, 0.11454545454545455, 0.10545454545454545, 0.0890909090909091, 0.09636363636363636, 0.11727272727272728, 0.10272727272727272, 0.09545454545454546, 0.12272727272727273, 0.09272727272727273, 0.09727272727272727, 0.10363636363636364, 0.12727272727272726, 0.09636363636363636, 0.12454545454545454, 0.1009090909090909, 0.09, 0.11363636363636363, 0.11181818181818182, 0.09909090909090909, 0.10909090909090909, 0.09636363636363636, 0.10454545454545454, 0.10454545454545454, 0.10818181818181818, 0.11, 0.10272727272727272, 0.1009090909090909, 0.10454545454545454, 0.08818181818181818, 0.09636363636363636, 0.09909090909090909, 0.10545454545454545, 0.11454545454545455, 0.10454545454545454, 0.11636363636363636, 0.09363636363636364, 0.09909090909090909, 0.11454545454545455, 0.10909090909090909, 0.09909090909090909], "accuracy": 0.1028}