{"n_examples": 55000, "n_epochs": 4, "learning_rate": 0.005, "losses": [133.80527458992472, 37.30476362682934, 22.989484143708438, 7.066938898299195, 2.0728821590181195, 2.238818006895313, 2.0909526721171363, 2.271773179706004, 2.2955597222887056, 2.2757673925858786, 2.3455844868067652, 2.5243002856858743, 2.2775679755197675, 2.484351987000528, 2.2358962542406324, 2.0713756292007806, 1.9576062111322967, 2.226944162026017, 2.085502710903621, 2.0987383719357555, 1.9986985891368076, 2.531886861029589, 2.1155140886648205, 2.0294573880194586, 2.075520157830207, 2.1484518467388862, 1.9887684483817536, 2.255869908446905, 2.9283593863528847, 2.156641694261455, 2.0676880070475434, 2.2980570459209426, 2.1100473480045467, 2.312736943633215, 2.470993248934434, 2.000597522536386, 1.9493864906997358, 2.0766659773240446, 2.0039774400501176, 2.0045866553689966, 1.9311324214685204, 2.2601793184362453, 1.9495245525230451, 2.368983788309339, 2.2513656313821513, 2.054428871027105, 1.991001901568113, 2.61657823165124, 2.140012316701391, 2.2473468055031183, 2.0179743095581264, 2.129714403236848, 1.9614965674212792, 1.9205587104795037, 2.2612075706441654, 1.9800358715482231, 3.4537981290361337, 2.2366224329832756, 2.078284336734684, 2.908250685253645, 2.4956423127930902, 2.4127414895932455, 2.127130646900535, 2.1679966849904257, 2.2417720566831436, 2.0831514798227544, 1.9859148872491281, 2.309633937275551, 2.063598793509464, 1.92864317787578, 2.177336819532872, 2.055902445022511, 2.5657202298698896, 2.056493091281488, 2.384213399821281, 2.487863144108502, 1.8733908965328563, 1.920892255462396, 1.995237436461627, 1.9357331366326518, 1.9480177901734574, 1.8619191030781084, 2.089379673257033, 2.5260283432501454, 2.1813588879735764, 2.12510290075321, 1.9832334775404756, 2.276571281274969, 2.658640176284624, 1.9570657557690456, 2.302528817396726, 1.9448905059424297, 2.015844392754737, 1.932220161476775, 2.2202189683651037, 2.8637113543718757, 2.074137564546411, 2.726016455579936, 2.1226549401769352, 2.112350122919064, 2.1576864293865055, 2.151981843709433, 2.06496446042778, 2.0740271266080486, 2.1750029763369385, 1.9755751839542848, 1.975096357105475, 2.0894016644642104, 2.4189460241349656, 1.9249243076313558, 1.9435775352175482, 3.9593852029351893, 2.067154463488342, 2.2413846842992347, 1.9163933514836158, 3.628853902621219, 2.0402722567116673, 3.2072398946155465, 2.0787393375763354, 2.084954092421315, 2.1439009903366677, 2.116447268060727, 2.198134129547806, 2.270272579789795, 1.9767768569755242, 2.0724801462264333, 2.0040110686128503, 1.870641495693112, 2.6508028687141434, 2.768755205278375, 2.161298418850127, 2.193708367966923, 2.844133278098032, 2.1338457263208874, 2.3550381869936636, 2.1065851053065883, 4.052574759890906, 2.195754388082263, 2.194626485127602, 2.1441976235794145, 2.363100542672717, 2.135989137897152, 2.172378432750702, 2.1315645381181754, 2.1651863980946024, 2.2225942872396924, 2.172162094178731, 2.182926820299842, 2.1482162631158674, 2.311961073658653, 2.160145289049886, 1.997258249362375, 2.187099071801949, 2.6365062075251733, 2.138769043229939, 2.193296679979171, 2.142941703660882, 2.5232032600722505, 2.271860513691552, 2.2068232676792996, 2.1596986971931025, 2.2148584020137276, 2.037354777343697, 2.0736854957315054, 2.1192306004329113, 2.0941102301058225, 2.022278646321933, 1.8210194823072843, 2.4053870368598753, 1.9159925042329864, 1.8546373168967825, 2.5626037718012733, 2.639746616653442, 1.9854041559918016, 2.0884981873898694, 2.00382333111897, 2.058596047356682, 1.9442732705555987, 3.4438825799276214, 2.1734611985824515, 3.1232532386197693, 2.7987844195426126, 2.5434525180152163, 2.3636717693968263, 2.112888643858605, 2.086966657660391, 2.88801287320527, 2.046248073209763, 2.071205082806478, 2.067033066346547, 2.1523162012969257, 2.093829922025188, 1.8465241103821795, 3.0457057018171607, 5.137912269014338, 4.656200406866033, 2.1483710573997907, 1.974928603826091, 1.9214225835955863, 2.15427317864717], "accuracies": [0.6163636363636363, 0.7518181818181818, 0.7463636363636363, 0.5554545454545454, 0.42727272727272725, 0.3781818181818182, 0.2872727272727273, 0.22454545454545455, 0.29545454545454547, 0.26454545454545453, 0.3018181818181818, 0.24545454545454545, 0.1690909090909091, 0.22545454545454546, 0.18181818181818182, 0.2290909090909091, 0.26545454545454544, 0.19545454545454546, 0.1990909090909091, 0.2018181818181818, 0.24727272727272728, 0.2590909090909091, 0.2636363636363636, 0.26, 0.2681818181818182, 0.26, 0.25636363636363635, 0.20727272727272728, 0.22818181818181818, 0.21272727272727274, 0.20636363636363636, 0.22454545454545455, 0.18, 0.1918181818181818, 0.24545454545454545, 0.24181818181818182, 0.2381818181818182, 0.20636363636363636, 0.24909090909090909, 0.2581818181818182, 0.25727272727272726, 0.23272727272727273, 0.27636363636363637, 0.2672727272727273, 0.2309090909090909, 0.1990909090909091, 0.2, 0.17454545454545456, 0.16727272727272727, 0.17727272727272728, 0.23454545454545456, 0.22090909090909092, 0.21454545454545454, 0.22181818181818183, 0.26, 0.24181818181818182, 0.21363636363636362, 0.24181818181818182, 0.23, 0.17454545454545456, 0.18727272727272729, 0.17636363636363636, 0.1618181818181818, 0.21, 0.25545454545454543, 0.20636363636363636, 0.23636363636363636, 0.2109090909090909, 0.18454545454545454, 0.2545454545454545, 0.20363636363636364, 0.1990909090909091, 0.23454545454545456, 0.2609090909090909, 0.2718181818181818, 0.2581818181818182, 0.2581818181818182, 0.2509090909090909, 0.2672727272727273, 0.2318181818181818, 0.24545454545454545, 0.2409090909090909, 0.22545454545454546, 0.19090909090909092, 0.16818181818181818, 0.15181818181818182, 0.22545454545454546, 0.25636363636363635, 0.19545454545454546, 0.22454545454545455, 0.21636363636363637, 0.23272727272727273, 0.25636363636363635, 0.24545454545454545, 0.24454545454545454, 0.23636363636363636, 0.2018181818181818, 0.17909090909090908, 0.17454545454545456, 0.21272727272727274, 0.19, 0.21363636363636362, 0.2081818181818182, 0.19, 0.20363636363636364, 0.2190909090909091, 0.21818181818181817, 0.22090909090909092, 0.22545454545454546, 0.2590909090909091, 0.22272727272727272, 0.2190909090909091, 0.18818181818181817, 0.20636363636363636, 0.25272727272727274, 0.21272727272727274, 0.1890909090909091, 0.16272727272727272, 0.17727272727272728, 0.17272727272727273, 0.19454545454545455, 0.2081818181818182, 0.1618181818181818, 0.24181818181818182, 0.22727272727272727, 0.23545454545454544, 0.22818181818181818, 0.26545454545454544, 0.22090909090909092, 0.19727272727272727, 0.1481818181818182, 0.14454545454545453, 0.22090909090909092, 0.1618181818181818, 0.17272727272727273, 0.18818181818181817, 0.19545454545454546, 0.14454545454545453, 0.14272727272727273, 0.16454545454545455, 0.16090909090909092, 0.17909090909090908, 0.15454545454545454, 0.17, 0.18818181818181817, 0.17909090909090908, 0.13727272727272727, 0.14, 0.16818181818181818, 0.15, 0.16090909090909092, 0.23272727272727273, 0.1809090909090909, 0.18636363636363637, 0.17272727272727273, 0.19363636363636363, 0.23545454545454544, 0.22090909090909092, 0.18181818181818182, 0.14545454545454545, 0.15818181818181817, 0.21454545454545454, 0.19636363636363635, 0.17909090909090908, 0.2190909090909091, 0.21363636363636362, 0.1990909090909091, 0.2772727272727273, 0.22, 0.24636363636363637, 0.2636363636363636, 0.25727272727272726, 0.19545454545454546, 0.22636363636363635, 0.20545454545454545, 0.21454545454545454, 0.19363636363636363, 0.25, 0.19454545454545455, 0.2390909090909091, 0.2081818181818182, 0.2309090909090909, 0.2009090909090909, 0.19545454545454546, 0.18, 0.18181818181818182, 0.20454545454545456, 0.20363636363636364, 0.18727272727272729, 0.1809090909090909, 0.20272727272727273, 0.20727272727272728, 0.28, 0.2590909090909091, 0.28545454545454546, 0.25181818181818183, 0.2636363636363636, 0.26636363636363636, 0.23454545454545456, 0.26545454545454544], "accuracy": 0.2554}