{"n_examples": 55000, "n_epochs": 4, "learning_rate": 0.0005, "losses": [318.9750887899829, 120.61249216413432, 84.16177198947054, 61.52129931177994, 43.094981138133726, 32.69883798421434, 36.02274853696877, 33.67666007772602, 26.710708787195077, 27.993513112625337, 24.730434322784262, 19.957752638983877, 15.359786012355974, 18.267057118459654, 16.185657382731797, 19.182930485758718, 13.78616112810637, 14.940440173422447, 11.685794481807683, 15.467670210389704, 13.44823469030366, 12.924568633651926, 13.634269468988089, 10.095992627277747, 10.313589280650906, 12.159318966641544, 10.159001400451462, 7.318849691757129, 9.84009677677705, 8.719256617484369, 7.076884361978893, 6.254358220649302, 5.751747429474127, 5.737292810737083, 6.303184113401218, 5.20386862323776, 4.02144633189472, 3.2855077471010796, 2.88176777571339, 2.6608783715430064, 2.907953767417834, 1.9870219522460644, 1.755861843364455, 2.137164726460545, 1.7671612853176761, 1.8985298839939684, 1.4794242321011106, 1.784365124891087, 1.5053521539180592, 1.8186577767777004, 1.2912544049691044, 1.34158566278838, 1.1518446919943135, 1.2490716826701052, 1.491067653842861, 1.3403869580223202, 1.2619686511413, 1.0531823143620824, 1.668889298040808, 1.1000223178854314, 1.294106247153932, 1.390246255876925, 1.4185585268588439, 1.3779992601035844, 0.9549853747935545, 1.144214716859907, 0.9324915502900456, 1.1764708962999662, 1.1589211784494935, 1.0651811611642996, 1.0588049701129238, 0.7423768956177852, 1.132100719268503, 0.9080777375859319, 0.9686006924357422, 0.9596681335885134, 1.1013626999628223, 0.9715870062210983, 1.1288616946816434, 1.020598520881849, 0.8919717746899085, 0.9403757640378554, 0.8497740725557967, 0.8782067662674535, 0.8184108030722371, 0.9223549414363372, 0.7967131519400966, 0.915870222723939, 0.8616691220496379, 0.802752942721895, 0.9679178694013895, 0.9679689236850278, 0.6918225174770555, 0.9660431489203157, 1.0696804142953835, 1.0602917777699525, 0.6968103211306487, 0.9075375829950166, 0.9254673456018994, 0.7705796011686398, 0.7243688548192744, 0.6186916636996206, 0.6270878998003016, 0.6940225774893771, 0.8845858991570257, 0.6692540610528137, 0.6936134880564481, 0.7239063855064356, 0.8700791413121868, 0.6538547699193734, 0.6935287319955845, 0.7241376881814341, 0.6504134576353514, 0.6462376263181704, 0.5814852514119312, 0.8990378673723461, 0.6815226220691399, 0.7122844742979666, 0.6094205351283569, 0.6359250962452367, 0.6333632497036719, 0.7481280101681997, 0.7151835971215931, 0.8553522296101703, 0.5585117800205768, 0.6008245754836348, 0.7487686438665445, 0.5375588560495529, 0.6897892782120814, 0.8111280807955038, 0.8074453802951486, 0.6200519657609473, 0.6799718429020285, 0.9626767462259374, 0.6216601422266207, 0.5479192228547339, 0.4993218045758536, 0.8379575943717906, 0.5830581886743539, 0.7674900507129325, 0.5895733259476504, 0.5753663447022075, 0.5468255194430881, 0.9101016349831491, 0.7356343677404966, 0.7270707932909156, 0.8903455712538452, 0.8180002699373798, 0.7412269139792328, 0.5898506672875143, 0.6779034863945524, 0.45944595585511605, 0.5672651285753746, 0.5057421142790254, 0.6363948478591969, 0.5174270841289375, 0.49656271037305777, 0.5262710697845914, 0.5285477718043208, 0.587143823260546, 0.764246625248619, 0.6191841541868806, 0.7129679406839424, 0.4916782594536071, 0.4835817124436905, 0.5651809684108566, 0.612292903798773, 0.49263908727525424, 0.6272929131223287, 0.45427986531512465, 0.6740058513789632, 0.6506885045151699, 0.4411311904355154, 0.6242420101601155, 0.685659990938603, 0.48785145993856366, 0.5280494627498601, 0.625866786922331, 0.6533364345167684, 0.6057149001590161, 0.7654524746966979, 0.6454776148373947, 0.39115785492106586, 0.6707594347658371, 0.5469222162842186, 0.5745629616952267, 0.640400282784458, 0.5181349522249561, 0.8201814755621266, 0.7077608040340216, 0.7545351048137816, 0.5798875261090974, 0.5887117807429677, 0.6904950251801574, 0.5730852440726196, 0.5342486165572087, 0.4678877518862465, 0.6207533863538123, 0.645265894164457, 0.6394772339741857], "accuracies": [0.2772727272727273, 0.5554545454545454, 0.6272727272727273, 0.6945454545454546, 0.7472727272727273, 0.7836363636363637, 0.7845454545454545, 0.7818181818181819, 0.8018181818181818, 0.7890909090909091, 0.8245454545454546, 0.8236363636363636, 0.85, 0.8527272727272728, 0.8563636363636363, 0.85, 0.8636363636363636, 0.8527272727272728, 0.8536363636363636, 0.8418181818181818, 0.8472727272727273, 0.8590909090909091, 0.8590909090909091, 0.8418181818181818, 0.8554545454545455, 0.83, 0.8427272727272728, 0.8727272727272727, 0.8418181818181818, 0.8254545454545454, 0.8281818181818181, 0.8190909090909091, 0.8272727272727273, 0.7854545454545454, 0.7890909090909091, 0.7527272727272727, 0.7381818181818182, 0.6881818181818182, 0.6936363636363636, 0.6572727272727272, 0.6445454545454545, 0.6027272727272728, 0.6827272727272727, 0.649090909090909, 0.5945454545454546, 0.6072727272727273, 0.600909090909091, 0.6554545454545454, 0.6336363636363637, 0.6045454545454545, 0.66, 0.6990909090909091, 0.7118181818181818, 0.7454545454545455, 0.7372727272727273, 0.7436363636363637, 0.7009090909090909, 0.7418181818181818, 0.7290909090909091, 0.7318181818181818, 0.75, 0.740909090909091, 0.7609090909090909, 0.7390909090909091, 0.7618181818181818, 0.7518181818181818, 0.7354545454545455, 0.7436363636363637, 0.7772727272727272, 0.7609090909090909, 0.7318181818181818, 0.7809090909090909, 0.7563636363636363, 0.7809090909090909, 0.78, 0.7627272727272727, 0.7981818181818182, 0.7818181818181819, 0.7981818181818182, 0.7763636363636364, 0.7809090909090909, 0.7672727272727272, 0.76, 0.78, 0.7936363636363636, 0.7490909090909091, 0.8118181818181818, 0.8309090909090909, 0.8236363636363636, 0.8218181818181818, 0.7754545454545455, 0.8018181818181818, 0.8263636363636364, 0.7881818181818182, 0.7909090909090909, 0.7945454545454546, 0.8190909090909091, 0.8345454545454546, 0.8181818181818182, 0.83, 0.8254545454545454, 0.8454545454545455, 0.8309090909090909, 0.81, 0.8154545454545454, 0.8236363636363636, 0.8336363636363636, 0.8518181818181818, 0.8409090909090909, 0.8363636363636363, 0.8654545454545455, 0.8454545454545455, 0.8236363636363636, 0.8190909090909091, 0.8381818181818181, 0.8372727272727273, 0.8318181818181818, 0.8527272727272728, 0.8445454545454546, 0.8418181818181818, 0.860909090909091, 0.8327272727272728, 0.85, 0.8181818181818182, 0.8427272727272728, 0.8272727272727273, 0.8572727272727273, 0.8445454545454546, 0.8545454545454545, 0.8318181818181818, 0.8327272727272728, 0.85, 0.8481818181818181, 0.8145454545454546, 0.83, 0.8518181818181818, 0.8790909090909091, 0.8572727272727273, 0.8636363636363636, 0.87, 0.8672727272727273, 0.8472727272727273, 0.8781818181818182, 0.8518181818181818, 0.860909090909091, 0.85, 0.8363636363636363, 0.8372727272727273, 0.8481818181818181, 0.8627272727272727, 0.8472727272727273, 0.9018181818181819, 0.8672727272727273, 0.8963636363636364, 0.8581818181818182, 0.8909090909090909, 0.8918181818181818, 0.8772727272727273, 0.8709090909090909, 0.8881818181818182, 0.8581818181818182, 0.8672727272727273, 0.8590909090909091, 0.8809090909090909, 0.8836363636363637, 0.8790909090909091, 0.8736363636363637, 0.8927272727272727, 0.8672727272727273, 0.8709090909090909, 0.8463636363636363, 0.86, 0.8872727272727273, 0.8781818181818182, 0.87, 0.89, 0.8781818181818182, 0.87, 0.8663636363636363, 0.8727272727272727, 0.88, 0.8663636363636363, 0.8918181818181818, 0.8881818181818182, 0.8627272727272727, 0.8727272727272727, 0.8318181818181818, 0.860909090909091, 0.850909090909091, 0.8618181818181818, 0.8454545454545455, 0.8663636363636363, 0.8709090909090909, 0.8490909090909091, 0.8836363636363637, 0.8718181818181818, 0.8818181818181818, 0.8481818181818181, 0.8490909090909091, 0.8381818181818181], "accuracy": 0.8571}