{"n_examples": 55000, "n_epochs": 4, "learning_rate": 0.001, "losses": [204.56594494226084, 69.85334056093764, 55.84106067673163, 44.930637307232146, 36.03235884741366, 33.459043559510334, 27.20496416388042, 29.37706561810437, 18.35587189574732, 22.807087019374517, 18.404503280503373, 17.00481910147116, 13.223507203315984, 15.28282198991021, 14.003675889861178, 14.090802884985349, 10.6494669209972, 11.791023091326744, 9.778323689570525, 9.364780407048066, 9.744208363575023, 8.393954077321549, 10.42659308371364, 7.4825808194745544, 7.64863285816182, 6.923371186932378, 7.707845814422182, 6.36887029433626, 7.486911884513055, 5.466728852700795, 4.914607130376101, 4.722642355207496, 3.0823581786137435, 3.0293553098789676, 2.673692846712163, 2.0571440191963553, 2.2334960884896873, 1.7790578711271723, 1.5980114247209798, 1.3290097095215294, 1.444222252205572, 1.2717648261742096, 1.1793690168466586, 1.445450763457781, 1.3462432873697632, 1.2825638541121736, 1.2240087806751976, 0.92886102166362, 1.2135937898020717, 1.318385099731838, 1.0019071894578846, 1.2087736704441343, 0.9382212217638041, 0.9406430395319497, 1.0176531075009532, 0.8792420741753141, 1.0930719448397712, 1.1451185396410903, 0.9078507019409846, 1.152720414956967, 0.8807129031421549, 1.1673224767827204, 1.2626243427127537, 0.8915502056654359, 0.8091004117921213, 0.9854979838202513, 0.8952848932530593, 1.047158207023093, 0.8820419894092837, 0.8446590897780012, 0.8529950146959693, 0.7765149645802648, 0.9424951383967932, 0.7386695395977679, 0.8155809411504829, 0.7955034905871142, 0.7892555195946263, 0.6818825193298694, 0.84485672188288, 0.6006253548234018, 0.7083832200838387, 0.933785153106858, 0.7584069135297435, 0.9168289566533007, 1.003838607591533, 0.8311672353045997, 0.6169302519446682, 0.7352914055392271, 1.173781152154689, 0.8982458401910535, 0.8090612049621841, 0.6722059737638535, 0.7557720549905284, 0.8677713558570582, 0.8051220617382935, 0.7171471131754844, 0.5390900718560158, 0.946053227667318, 0.7100788157909734, 0.5759936630327384, 0.4690911104916838, 0.5146671661007943, 0.7759082949171083, 0.5868012872219782, 0.6692128518993935, 0.5312406990090907, 0.5580057494301696, 0.47264281076013565, 0.7429037337405037, 0.5783516499881104, 0.6507099334544244, 0.5228675490023224, 0.6094332564954145, 0.802059815417931, 0.7314828813997578, 0.7424035904424134, 0.6989900030163966, 0.7542460025933905, 0.5426290816777631, 0.570345462387507, 1.0641378481719594, 0.6212683332801037, 0.5872366503236885, 0.5709572561859029, 1.1517130048923796, 0.5228233306707967, 0.712618104488062, 0.5483588224673827, 0.49382454015863336, 0.6977871454727442, 0.6492453960304967, 0.5759248226849895, 0.6007489035265522, 0.6898198043570565, 0.6179394160604248, 0.5478295604274379, 0.5318386070745543, 0.6733292976749191, 0.6276912504799836, 0.6621704532712472, 0.5613185082133554, 0.6566675400990276, 0.49331803233092913, 0.677259958693577, 0.8951305898809213, 0.6340202089368724, 0.6150090071025262, 0.6122580869214534, 0.5399133227205677, 0.49072855749210526, 0.6777329354712335, 0.349241865880554, 0.46785202464275877, 0.4039836883258043, 0.5442581091855715, 0.4517804912654848, 0.39761160833268805, 0.6727300519058025, 0.4105504646457268, 0.6212668856181376, 0.6909306414358467, 0.5091149900484813, 0.6721358774346224, 0.3688129931310154, 0.32768112204090155, 0.5942563245113497, 0.6081736186106381, 0.42662514518406897, 0.41758746768824473, 0.5029872939749317, 0.5320653215921507, 0.6442628942740515, 0.6476523055795373, 0.4234156453377469, 0.5466467056336539, 0.543385241207876, 0.7340697046079698, 0.593913228835608, 0.5597303066541599, 0.36219784046286974, 0.47194305374488005, 0.6917995691445247, 0.3874381395969667, 0.46612980886764405, 0.7454936812805151, 0.46380099462672897, 0.5644040026934612, 0.42555834927859876, 0.5008653261325858, 0.5554535566538731, 0.4600700383076663, 0.3942561904102108, 0.6415248214656226, 0.4254444622800552, 0.6874354852821092, 0.4830385513865703, 0.3768529111256579, 0.5374423949439889, 0.403138565166002, 0.39915843269219387], "accuracies": [0.4618181818181818, 0.7036363636363636, 0.7609090909090909, 0.7881818181818182, 0.8081818181818182, 0.8154545454545454, 0.8463636363636363, 0.8245454545454546, 0.8590909090909091, 0.8445454545454546, 0.8636363636363636, 0.8590909090909091, 0.8672727272727273, 0.8427272727272728, 0.8536363636363636, 0.8618181818181818, 0.8709090909090909, 0.8727272727272727, 0.8718181818181818, 0.8627272727272727, 0.8663636363636363, 0.8809090909090909, 0.8581818181818182, 0.8536363636363636, 0.8454545454545455, 0.8536363636363636, 0.8536363636363636, 0.8754545454545455, 0.8445454545454546, 0.8545454545454545, 0.8472727272727273, 0.8218181818181818, 0.82, 0.7572727272727273, 0.7218181818181818, 0.6718181818181819, 0.6336363636363637, 0.6454545454545455, 0.6781818181818182, 0.68, 0.66, 0.6581818181818182, 0.7372727272727273, 0.7209090909090909, 0.730909090909091, 0.6927272727272727, 0.7172727272727273, 0.740909090909091, 0.7536363636363637, 0.7527272727272727, 0.7545454545454545, 0.7472727272727273, 0.7509090909090909, 0.7490909090909091, 0.7818181818181819, 0.7927272727272727, 0.7554545454545455, 0.7663636363636364, 0.8, 0.7554545454545455, 0.769090909090909, 0.7645454545454545, 0.7754545454545455, 0.7827272727272727, 0.7827272727272727, 0.7845454545454545, 0.7863636363636364, 0.7618181818181818, 0.7818181818181819, 0.7945454545454546, 0.7772727272727272, 0.7963636363636364, 0.7654545454545455, 0.81, 0.8345454545454546, 0.7909090909090909, 0.8072727272727273, 0.8309090909090909, 0.8363636363636363, 0.8081818181818182, 0.8290909090909091, 0.8218181818181818, 0.8227272727272728, 0.8309090909090909, 0.8154545454545454, 0.7909090909090909, 0.84, 0.84, 0.8472727272727273, 0.8445454545454546, 0.8272727272727273, 0.8327272727272728, 0.8518181818181818, 0.8390909090909091, 0.8127272727272727, 0.84, 0.8636363636363636, 0.8590909090909091, 0.8063636363636364, 0.8663636363636363, 0.8772727272727273, 0.8718181818181818, 0.8563636363636363, 0.8327272727272728, 0.85, 0.8745454545454545, 0.8454545454545455, 0.8645454545454545, 0.850909090909091, 0.8590909090909091, 0.8518181818181818, 0.8772727272727273, 0.8763636363636363, 0.8563636363636363, 0.88, 0.85, 0.8281818181818181, 0.8409090909090909, 0.8472727272727273, 0.8554545454545455, 0.8472727272727273, 0.8427272727272728, 0.8572727272727273, 0.8636363636363636, 0.85, 0.86, 0.8945454545454545, 0.8545454545454545, 0.8872727272727273, 0.8227272727272728, 0.8772727272727273, 0.8718181818181818, 0.8772727272727273, 0.8663636363636363, 0.8809090909090909, 0.8727272727272727, 0.8809090909090909, 0.8872727272727273, 0.8818181818181818, 0.87, 0.8772727272727273, 0.8618181818181818, 0.8845454545454545, 0.8881818181818182, 0.8581818181818182, 0.8845454545454545, 0.85, 0.8390909090909091, 0.8645454545454545, 0.8872727272727273, 0.8809090909090909, 0.9190909090909091, 0.89, 0.9163636363636364, 0.8981818181818182, 0.9009090909090909, 0.92, 0.8836363636363637, 0.8945454545454545, 0.8827272727272727, 0.8981818181818182, 0.8954545454545455, 0.8972727272727272, 0.9027272727272727, 0.9127272727272727, 0.8918181818181818, 0.8918181818181818, 0.9045454545454545, 0.8936363636363637, 0.8909090909090909, 0.8745454545454545, 0.8872727272727273, 0.8863636363636364, 0.8972727272727272, 0.889090909090909, 0.8854545454545455, 0.8863636363636364, 0.8936363636363637, 0.88, 0.9054545454545454, 0.8954545454545455, 0.8790909090909091, 0.9072727272727272, 0.8954545454545455, 0.8809090909090909, 0.8790909090909091, 0.8681818181818182, 0.9027272727272727, 0.8881818181818182, 0.8927272727272727, 0.8781818181818182, 0.8981818181818182, 0.8909090909090909, 0.8981818181818182, 0.9018181818181819, 0.8845454545454545, 0.9136363636363637, 0.8963636363636364, 0.9054545454545454, 0.9072727272727272], "accuracy": 0.8958}