{"n_examples": 55000, "n_epochs": 4, "learning_rate": 0.005, "losses": [3048.2951822496466, 1208.8757494070312, 967.3266787744504, 617.2941355942021, 602.5470036397242, 458.51726754232396, 407.8865150333653, 283.9755783684888, 298.67507638844575, 272.64797495755283, 216.56507730115544, 208.26580286925397, 151.72067486061303, 180.6446011077223, 139.34685278003866, 141.20832863092699, 85.06513385631546, 83.4612135302474, 84.28114835780661, 84.99885415392541, 71.64951061252165, 73.70509135333361, 66.21207306813731, 69.1201471148411, 54.906644502980846, 53.61213466770386, 53.97246456636279, 57.83789575851114, 49.767840797924755, 43.1355710650535, 45.80259227593594, 43.03237364410423, 45.289292869921816, 42.76544921224487, 39.8137428214935, 26.763969595807264, 31.258470516015315, 34.7349851399183, 28.581663554297158, 33.92192160925382, 28.651601661377935, 28.25384323175266, 30.61106818705635, 31.54693869020152, 22.968236766834632, 26.958333023903734, 23.024065965474477, 25.992034632215766, 18.021413019675464, 19.211317332393836, 20.293162782593907, 21.97316584288097, 20.185211938853243, 15.618786844162575, 20.5161506453073, 15.58639001106174, 15.335616369419473, 17.196196641462098, 13.046092208713294, 14.45785377890827, 10.912170500119169, 12.737534114308847, 14.271769563078095, 14.562405761419365, 10.527567583880753, 10.765384925247712, 11.510307888667056, 9.886781649340412, 10.847921309393099, 10.704327393857856, 10.887252979363302, 9.519721238081214, 9.379480128433647, 8.280801059483206, 12.411501596030075, 8.378461195955225, 6.646543828326828, 8.005402001600523, 7.608613166256042, 8.351182088594337, 8.814742140370468, 8.259396876154726, 7.2134575488322445, 8.091119273938602, 5.729229057582037, 5.798489984249855, 5.642140604499233, 4.811682517628867, 5.034937185277319, 5.9657784753945435, 5.752727377971597, 5.432888036423094, 4.3437099185807835, 3.9915674747761427, 4.433664832660549, 4.644131598445368, 3.5007857254351387, 3.5773548282060528, 3.7372272331123657, 3.151426957654666, 3.3752340068850297, 3.5297819858774444, 2.842031279559556, 3.601190051619583, 2.7847054780797746, 2.465877714902182, 2.7297700353513714, 2.3275921104544763, 2.5471720471333263, 2.5246388706826366, 2.279029206061153, 1.9802117217403172, 1.934436278856317, 2.451166831098063, 1.7322416057441263, 2.404719299116991, 1.9772929030234734, 1.9531665903128015, 1.5380067071633283, 1.3518763208650189, 1.210390214404207, 1.0331869999970678, 1.6097934728093106, 1.1848685537460695, 1.9003950394170046, 1.2248253097468593, 1.2239363157712637, 1.1293836557208923, 1.1697456538009248, 1.396551698029001, 1.2571230548954284, 1.0276265409999445, 0.9101480594019737, 1.403862779720262, 0.8705611974669688, 1.0210420342127258, 1.0615505598944641, 0.8811206429627899, 0.9123888871004964, 0.8603403060514005, 1.2525764098921155, 0.7625201774405556, 0.8666628309335651, 0.9789004597856225, 0.6901338706651201, 0.6250770221650607, 0.7424568785957474, 0.5803863874897638, 0.7427635372626173, 0.7514180192364541, 0.6998403154830011, 0.6348697400784964, 0.808994198884721, 0.643709362244541, 0.7312005572227696, 0.816652984248737, 0.7492474947752816, 0.6731343617591056, 0.7297779459880818, 0.6095811158316287, 0.45675253454653764, 0.6248288917907444, 0.6332852860726393, 0.655575188277362, 0.6830881800472989, 0.6040877600661443, 0.6731621835562533, 0.6103508215470183, 0.4994115804796671, 0.601874981180834, 0.8472850349881128, 0.7680469444404378, 0.5889458862802719, 0.7232258601721938, 0.5334700610594243, 0.6284630808736004, 0.557649757502517, 0.6238305966768938, 0.5225611665922704, 0.6182510962022963, 0.6410805894828607, 0.45152906023746864, 0.7208963539889706, 0.43394978031843234, 0.6136875359590923, 0.45358742669688984, 0.670338574420497, 0.6590540362359362, 0.5286000046568325, 0.5996527401235758, 0.5305630518376154, 0.6548585430577528, 0.5145507682671029, 0.49776744923501764, 0.575256505409506, 0.5654929182711246, 0.5975338468551477, 0.34928476678153014, 0.554190113494158, 0.5108676226601037], "accuracies": [0.3481818181818182, 0.54, 0.6018181818181818, 0.6863636363636364, 0.7, 0.740909090909091, 0.7463636363636363, 0.8027272727272727, 0.7909090909090909, 0.7981818181818182, 0.8145454545454546, 0.8118181818181818, 0.8245454545454546, 0.8, 0.8181818181818182, 0.8281818181818181, 0.8572727272727273, 0.8463636363636363, 0.8536363636363636, 0.8318181818181818, 0.8436363636363636, 0.8618181818181818, 0.85, 0.83, 0.8490909090909091, 0.8618181818181818, 0.85, 0.850909090909091, 0.8618181818181818, 0.86, 0.86, 0.8836363636363637, 0.8490909090909091, 0.8672727272727273, 0.8590909090909091, 0.8881818181818182, 0.8781818181818182, 0.8636363636363636, 0.8863636363636364, 0.8654545454545455, 0.8790909090909091, 0.8781818181818182, 0.8754545454545455, 0.8727272727272727, 0.8827272727272727, 0.8772727272727273, 0.8709090909090909, 0.8709090909090909, 0.8790909090909091, 0.8827272727272727, 0.8863636363636364, 0.8909090909090909, 0.8763636363636363, 0.8845454545454545, 0.8790909090909091, 0.8763636363636363, 0.8954545454545455, 0.8854545454545455, 0.9054545454545454, 0.8945454545454545, 0.9054545454545454, 0.8936363636363637, 0.89, 0.8981818181818182, 0.9027272727272727, 0.9027272727272727, 0.8809090909090909, 0.9136363636363637, 0.9009090909090909, 0.8945454545454545, 0.8881818181818182, 0.8881818181818182, 0.89, 0.9081818181818182, 0.8772727272727273, 0.9090909090909091, 0.9018181818181819, 0.8954545454545455, 0.9009090909090909, 0.8845454545454545, 0.8909090909090909, 0.9072727272727272, 0.8981818181818182, 0.8936363636363637, 0.8981818181818182, 0.8918181818181818, 0.8872727272727273, 0.9054545454545454, 0.9, 0.8918181818181818, 0.8936363636363637, 0.8963636363636364, 0.9027272727272727, 0.9145454545454546, 0.9, 0.8863636363636364, 0.9090909090909091, 0.899090909090909, 0.889090909090909, 0.9027272727272727, 0.8881818181818182, 0.8881818181818182, 0.9054545454545454, 0.8854545454545455, 0.8972727272727272, 0.9036363636363637, 0.8845454545454545, 0.9045454545454545, 0.8936363636363637, 0.8772727272727273, 0.91, 0.8863636363636364, 0.8981818181818182, 0.8809090909090909, 0.8854545454545455, 0.9027272727272727, 0.8927272727272727, 0.8945454545454545, 0.9027272727272727, 0.8954545454545455, 0.8945454545454545, 0.9136363636363637, 0.8872727272727273, 0.9145454545454546, 0.8827272727272727, 0.8972727272727272, 0.9054545454545454, 0.8909090909090909, 0.8963636363636364, 0.8845454545454545, 0.89, 0.89, 0.8981818181818182, 0.87, 0.8927272727272727, 0.8854545454545455, 0.89, 0.8872727272727273, 0.8927272727272727, 0.8881818181818182, 0.8481818181818181, 0.8872727272727273, 0.89, 0.8672727272727273, 0.8954545454545455, 0.899090909090909, 0.89, 0.8827272727272727, 0.8818181818181818, 0.899090909090909, 0.88, 0.8881818181818182, 0.8763636363636363, 0.8881818181818182, 0.8790909090909091, 0.8754545454545455, 0.8672727272727273, 0.8763636363636363, 0.8818181818181818, 0.8936363636363637, 0.9081818181818182, 0.8818181818181818, 0.8827272727272727, 0.8727272727272727, 0.8781818181818182, 0.8818181818181818, 0.8781818181818182, 0.89, 0.8954545454545455, 0.8918181818181818, 0.8690909090909091, 0.8672727272727273, 0.8854545454545455, 0.8645454545454545, 0.8918181818181818, 0.8927272727272727, 0.8845454545454545, 0.8790909090909091, 0.8945454545454545, 0.8863636363636364, 0.8754545454545455, 0.889090909090909, 0.8754545454545455, 0.9081818181818182, 0.8881818181818182, 0.899090909090909, 0.8790909090909091, 0.8872727272727273, 0.8872727272727273, 0.8763636363636363, 0.89, 0.8809090909090909, 0.899090909090909, 0.8963636363636364, 0.8963636363636364, 0.8881818181818182, 0.89, 0.9163636363636364, 0.8963636363636364, 0.8918181818181818], "accuracy": 0.9085}